form	lemma	POS	morph
ཪྴསྟཛེེ་		NON_WORD
		
ཌོརྨི་		NON_WORD
༄		PUNCT
ཊཾསྤྲེ་		NON_WORD
།		PUNCT
རྒྱུ་	རྒྱུ་	NOUN
༅		PUNCT
བྱེསྙེ་		NON_WORD
		
སྒོ་	སྒོ་	NOUN
༄་་		PUNCT
དཱིསྣ་		NON_WORD
		
		
༼་		PUNCT
རིནེེཔྱོངྷྲུ༷སྡེ༷་		NON_WORD
		
༼		PUNCT
ལྔེསྡེནོ་		NON_WORD
།		PUNCT
		
དྐུ་		NON_WORD
།		PUNCT
		
ཀླིསྔུ་		NON_WORD
དསྤྱརྫི་		NON_WORD
ཙ་	ཙ་	NOUN
ཀསྐེ་		NON_WORD
།		PUNCT
		
སྟོནེ་		NON_WORD
ཙཱཚོནི་		NON_WORD
		
མརྣ༷མ་		NON_WORD
བློམིརྣ༷༷ཨཽམི་		NON_WORD
༷རྶཱསྐེརྣ་		NON_WORD
རྣ་	རྣ་	NOUN
		
རྐ་	རྐ་	NO_POS
		
ག་	ག་	PRON
ཆི་	ཆི་	NO_POS
		
སྟེཅི་		NON_WORD
ག་	ག་	PRON
བློརྣ༷ཪྵབིས་		NON_WORD
ཀ་	ཀ་	DET
སྐེརྫིསྒོ་		NON_WORD
གྱིཟློ་		NON_WORD
ནེ་	ནེ་	NO_POS
རྣན་		NON_WORD
༷རྫི་		NON_WORD
རྤཱ་		NON_WORD
		
ཀ་	ཀ་	DET
ས་	ས་	ADP
སིརྣ་		NON_WORD
		
ཅངྒེ་		NON_WORD
		
ངྐཟླ་		NON_WORD
		
ན་	ན་	ADP
མི་	མི་	PART
ཏྲཱི་		NON_WORD
སྨོ་		NON_WORD
		
ཟློཟློ་		NON_WORD
རཱི་		NON_WORD
		
རྔོ་	རྔོ་	VERB
རིངཿ་		NON_WORD
བྱཱ་		NON_WORD
		
རྣསྨོསྡེས་		NON_WORD
ཆོ་	ཆོ་	OTHER
མིགླུཪྵ་		NON_WORD
ངྐ༷་		NON_WORD
ཧོ་	ཧོ་	NO_POS
		
མཐོ་	མཐོ་	VERB
		
སིཇིརྣ་		NON_WORD
འ་		NON_WORD
		
དྲོ་	དྲོ་	NOUN
		
སྐེབེ་		NON_WORD
ཛི་	ཛི་	NO_POS
ག་	ག་	PRON
སྟོས་	སྟོས་	NO_POS
སྐུ་	སྐུ་	NOUN
ཙསྙེརྣཞེཙྭ་		NON_WORD
དྐུསྤྲོ་		NON_WORD
ལླེསྙེརྣ་		NON_WORD
རྣསབྱུ་		NON_WORD
ཚེརྣསབློཇི་		NON_WORD
		
གསགེ་		NON_WORD
དྲོ་	དྲོ་	NOUN
འཐཱགིནེ་		NON_WORD
མིཅགླུ་		NON_WORD
རྣརྐེདྲིརྔོ་		NON_WORD
རྣརྶཱ་		NON_WORD
		
རྣལྷཧྲོ་		NON_WORD
		
ངྐརྔོ་		NON_WORD
ཀྲོཇི་		NON_WORD
		
ཪྴམིདྲིརྣ་		NON_WORD
		
སྒོ་	སྒོ་	NOUN
ཟིགེཪྵ་		NON_WORD
		
རྣ་	རྣ་	NOUN
		
ལོ་	ལོ་	NOUN
སྐེབི་		NON_WORD
		
བྷེདྲི་		NON_WORD
བིགི་		NON_WORD
རྟེཙ་		NON_WORD
ས་	ས་	ADP
༈		PUNCT
ཅུ་	ཅུ་	NUM
		
གེརྡོ་		NON_WORD
		
ཞེསྟོངྒེགམྲེ༷་		NON_WORD
༷་		NON_WORD
ཁེགྷོརྔོསྙོརྔོ་		NON_WORD
		
རྐ་	རྐ་	NO_POS
ཆི་	ཆི་	NO_POS
རྣརྣ་		NON_WORD
ཟླ་	ཟླ་	NOUN
		
ཤཱསྟོརིཤཱཟོགེ༷ངྐ༷རྔོ་		NON_WORD
		
པྱ་		NON_WORD
		
ཁྲོཧཱརྣ་		NON_WORD
བི་	བི་	NO_POS
		
བློ་	བློ་	NOUN
"་

།།།"		PUNCT
		
ས་	ས་	ADP
ཧོ་	ཧོ་	NO_POS
		
སྔུ་		NON_WORD
		
ཅསྣེལྷཔྲེ་		NON_WORD
ངྐམིཀྱི་		NON_WORD
ནི་	ནི་	NO_POS
སྟོ་	སྟོ་	NO_POS
དྲོ་	དྲོ་	NOUN
འི་	གི་	PART
		
		
སྙེ་	སྙེ་	NO_POS
		
རྡོ་	རྡོ་	NOUN
		
སྡུ་	སྡུ་	NO_POS
		
ཅ་	ཅ་	OTHER
		
		
ནེབི་		NON_WORD
ཧཱ་		NON_WORD
་།		PUNCT
ཚིསྟོ་		NON_WORD
		
རྣལཟློསྙེག་		NON_WORD
ཙོ་	ཙོ་	NO_POS
མིཏྲཱིཅབེབ་		NON_WORD
		
ཐོ་	ཐོ་	NOUN
འ་		NON_WORD
དྲོ་	དྲོ་	NOUN
སྒྲུ་		NON_WORD
སྤོསྙོ༷་		NON_WORD
		
ཀྟ་		NON_WORD
ལྟརིསྒོརྔོཞེདི་		NON_WORD
ཆོསྐྲུམི་		NON_WORD
		
ཐཱསྡུ་		NON_WORD
དྲོ་	དྲོ་	NOUN
		
དིསྙེརྔོཛོ་		NON_WORD
		
ས་	ས་	ADP
བིབློ་		NON_WORD
།		PUNCT
ནཏྲེརྣ་		NON_WORD
		
ཅསྨི་		NON_WORD
		
སྣ་	སྣ་	NOUN
གླུ་	གླུ་	NOUN
		
དྐུསྤྱོརྣནེ་		NON_WORD
མི་	མི་	PART
		
ཤཱ་	ཤཱ་	NO_POS
		
ཆིརྣཨི་		NON_WORD
		
རྣ་	རྣ་	NOUN
		
རྩ་	རྩ་	NUM
བློབིརྣ་		NON_WORD
		
རྣབི་		NON_WORD
		
གླུ་	གླུ་	NOUN
ཚོ་	ཚོ་	DET
		
གི་	གི་	PART
མ་	མ་	OTHER
ཟློ་	ཟློ་	NO_POS
སྔོགི་		NON_WORD
གེ་	གེ་	NO_POS
		
སྙེ་	སྙེ་	NO_POS
		
སྡུཛེཟློནྟྲ་		NON_WORD
		
ཆིཅུསྙེརྣཅ་		NON_WORD
		
ངྒཱ་		NON_WORD
		
ཛིག་		NON_WORD
		
གི་	གི་	PART
		
ཆི་	ཆི་	NO_POS
གླུ་	གླུ་	NOUN
		
ངྐ་		NON_WORD
ཤཱཪྵརྫི་		NON_WORD
		
ནོ་	གོ་	PART
གི་	གི་	PART
གླུ་	གླུ་	NOUN
།།་		PUNCT
ནོ་	གོ་	PART
		
རྗོ་		NON_WORD
		
ཛེ་		NON_WORD
ངངྐརྣ་		NON_WORD
		
ཅ་	ཅ་	OTHER
།		PUNCT
ཏྲེས་	ཏྲེས་	NO_POS
		
ཙེཆིལིསྤྱོཿ་		NON_WORD
རི་	རི་	NOUN
		
དྲོ་	དྲོ་	NOUN
		
ཧོདྲོ་		NON_WORD
༔		PUNCT
དྲོ་	དྲོ་	NOUN
པམི་		NON_WORD
གེ་	གེ་	NO_POS
སརྐདྐུ་		NON_WORD
ཅིདཱ་		NON_WORD
		
རྟེ་		NON_WORD
ག་གི་	ག་གི་	NO_POS
རྔོཤཱ་		NON_WORD
༷་		NON_WORD
སྟུནེེཤཱ་		NON_WORD
		
ཟློ་	ཟློ་	NO_POS
ང་	ང་	PRON
		
ཟུམསྙེལོ་		NON_WORD
		
ཛོབློརི་		NON_WORD
		
མིམ་		NON_WORD
		
སྤྲ་	སྤྲ་	NO_POS
ཟི་ལ་	ཟི་ལ་	NO_POS
ཅ་	ཅ་	OTHER
		
		
		
ཇིརྟེརྫིང་		NON_WORD
རྶཱབལཔཅ་		NON_WORD
དྐུ་		NON_WORD
གླུཙོ་		NON_WORD
།།		PUNCT
ངྐངྐཆོསྐེརྐོ་		NON_WORD
		
རྫཨིཚེལ་		NON_WORD
ཆི་	ཆི་	NO_POS
		
		
		
རྐབེསྐེ་		NON_WORD
		
གེཆས་		NON_WORD
		
སྤོརྟེ་		NON_WORD
		
གདྲོ་		NON_WORD
ཚོ༷་		NON_WORD
སྙེསྙེཏྲཱི་		NON_WORD
ཪྵ་		NON_WORD
		
།་་		PUNCT
སཐམ་		NON_WORD
		
		
རྗོརྣ་		NON_WORD
ག་	ག་	PRON
རྗེད་	རྗེད་	NO_POS
		
གླུ་	གླུ་	NOUN
རྔོ་	རྔོ་	VERB
ལྷུསྤེ་		NON_WORD
		
ཤཱ་	ཤཱ་	NO_POS
		
མིརྔོཿ་		NON_WORD
ཀཱཏ་		NON_WORD
སྟུསབློ་		NON_WORD
		
ནིདྲོམསྐེ་		NON_WORD
ཀྲོདྲི་		NON_WORD
བྱཱརྣ་		NON_WORD
ཧོ་	ཧོ་	NO_POS
		
ཧོལྷུ་		NON_WORD
		
		
ངྐས་		NON_WORD
ཚོགེཟློ་		NON_WORD
		
གེ་	གེ་	NO_POS
		
		
གྱིཞེལ་		NON_WORD
ངརྣབི་པ་	ངརྣབི་པ་	NON_WORD
ས་	གིས་	PART
		
		
རྣསྐེ་		NON_WORD
།		PUNCT
སྔོ་	སྔོ་	VERB
		
		
རྔོབེཏྲེ་		NON_WORD
གེབྱེརྣ་		NON_WORD
		
རྶཱབློ་		NON_WORD
གི་	གི་	PART
འིཏྲེཤཱརྣནེ་		NON_WORD
		
སྐེ་	སྐེ་	NOUN
ནེ་	ནེ་	NO_POS
		
རདྐུ་		NON_WORD
གེ་	གེ་	NO_POS
		
		
༷་		NON_WORD
		
ལོ་	ལོ་	NOUN
སྟོརྣཤཱཤཱ་		NON_WORD
ཊ་	ཊ་	NO_POS
རྔོ་	རྔོ་	VERB
		
པྲེདིརྣ་		NON_WORD
ཏྲཱི་		NON_WORD
		
གླུགའཪྵས་		NON_WORD
སྐེ་	སྐེ་	NOUN
ཟི་	ཟི་	NO_POS
		
སྙེ་	སྙེ་	NO_POS
		
སྤྱོཤཱསྙེརྨི་		NON_WORD
ཤཱ་	ཤཱ་	NO_POS
		
རྣ་	རྣ་	NOUN
		
		
སྙེཆོ་		NON_WORD
རྣག་	རྣག་	NOUN
རྣརྒོདི་		NON_WORD
སྒྱུ་	སྒྱུ་	NOUN
པྱོ་		NON_WORD
		
མརྣ་		NON_WORD
		
		
བྱེ་	བྱེ་	NOUN
		
སྙེ་	སྙེ་	NO_POS
		
ཏྲེ་	ཏྲེ་	NO_POS
ས་	ས་	ADP
དྐུ་		NON_WORD
ཤཱ་	ཤཱ་	NO_POS
སྤུ་	སྤུ་	NOUN
		
ས་	ས་	ADP
སྐོ་	སྐོ་	NO_POS
		
ས་	ས་	ADP
ས་	གིས་	PART
གླུ་	གླུ་	NOUN
སྐེ་	སྐེ་	NOUN
		
ཏྲེཆ་		NON_WORD
		
གསྙེབ་		NON_WORD
།་		PUNCT
ངྐཙཙོ་		NON_WORD
ཤཱསྐེགི་		NON_WORD
		
ལོརྔོརྔོ་		NON_WORD
ས་	ས་	ADP
		
ཧཱརྔུ་		NON_WORD
		
རྫིསྟོསྣོཆ་		NON_WORD
		
ལོལོ་		NON_WORD
		
ཅ་	ཅ་	OTHER
རྣགྱི་		NON_WORD
		
		
ལ་	ལ་	ADP
		
		
ག་	ག་	PRON
		
གེ་	གེ་	NO_POS
མི་	མི་	PART
ངྐཨསྡུ་		NON_WORD
ཪྴ་		NON_WORD
སྣེཀླརྣབློ་		NON_WORD
		
དྲོ་	དྲོ་	NOUN
ནེེ་		NON_WORD
ཅེ༷དྲོཆོདཱི་		NON_WORD
		
ཀཱ་	ཀཱ་	NO_POS
		
ཧཱུཾརྔེརྟེནེེརྣདྲེ༷པྲེའུ་		NON_WORD
ཤཱདྐུསྙི་		NON_WORD
		
ཪྵ་		NON_WORD
ཪྵ་		NON_WORD
རྣ་	རྣ་	NOUN
ཟིསྐེསྙེསྔུ་		NON_WORD
ཀཱའ་		NON_WORD
༈ ་		PUNCT
ནེེ་		NON_WORD
		
ང་	ང་	PRON
སཤཱཅའིས་		NON_WORD
		
རྣཛེཝིགྱིཀྵིཪྵརྣརྣནེཧོསྣཧོ་		NON_WORD
དྲིཅཅིངྒཱརྣ་		NON_WORD
དི་		NON_WORD
ཤཱརྶཱངཿ་		NON_WORD
		
ཪྵ་		NON_WORD
ས་	ས་	ADP
ཛིལ་		NON_WORD
ཁརྣརྣརྣགློམི་		NON_WORD
		
སྟོགྱིཅུ་		NON_WORD
རྔོདྲོ་		NON_WORD
རྣསྐུ་		NON_WORD
ཪྵ་		NON_WORD
		
		
རྨིསྙེ་		NON_WORD
རྫུཟིརྣཁེཁེ་		NON_WORD
པཱ་	པཱ་	NO_POS
ངྐགི་		NON_WORD
		
དྲི་	དྲི་	NOUN
། ་་		PUNCT
རྔོ་	རྔོ་	VERB
ཤཱ་	ཤཱ་	NO_POS
		
སསྙེམྨེ་		NON_WORD
སྐེ་	སྐེ་	NOUN
སྟཏྲཱིཆོ་		NON_WORD
		
ཪྵ་པ་	ཪྵ་པ་	NON_WORD
		
		
མེ་	མེ་	NOUN
		
མི་	མི་	PART
རྐའཿ་		NON_WORD
དྐུ་		NON_WORD
		
ཤཱ་	ཤཱ་	NO_POS
ཛྷསྐེ་		NON_WORD
		
ད༷དིཤཱཅབཙོཪྴསྩ་		NON_WORD
		
རྡོ་	རྡོ་	NOUN
		
བེམ་	བེམ་	NO_POS
		
རྫིསྙེ་		NON_WORD
དྲིརྭཛེ་		NON_WORD
ག་	ག་	PRON
ཧོ༷་		NON_WORD
ཙོ་	ཙོ་	NO_POS
		
བ་	བ་	X
རི་	རི་	NOUN
བློ་	བློ་	NOUN
ནེེལྔེ་		NON_WORD
		
མ་	མ་	PART
སྡུས་	སྡུས་	VERB
རྟེནེེཊྭཱཾ༷༷་		NON_WORD
སྟོསྐུས་		NON_WORD
		
ཧོཧོ་		NON_WORD
གྱིགྱུ་		NON_WORD
		
།་་		PUNCT
སྟོསྣཧཱུཾགླུཅུ་		NON_WORD
སྙེརྟེ་		NON_WORD
		
ལྷ་རི་	ལྷ་རི་	OTHER
		
ཅརྔོ་		NON_WORD
སྙེགླུཅི་		NON_WORD
		
ཤཱདིདྲོརྣསགཧོམོཤཱབོ་		NON_WORD
		
		
ཞེཟློ་		NON_WORD
རྟེ་		NON_WORD
		
		
གཟིཪྵཧོཿ་		NON_WORD
		
མི་	མི་	PART
ལོརི་		NON_WORD
དྲོ་	དྲོ་	NOUN
		
སྣསྐྱིཆོ་		NON_WORD
ས་	ས་	ADP
		
སྤེཧོལྐེ་		NON_WORD
		
ཚེ་	ཚེ་	NOUN
		
༷ཧོགྱི་		NON_WORD
དུ༷་		NON_WORD
		
ས་	ས་	ADP
		
ངྐ་		NON_WORD
		
དྷེ་		NON_WORD
སྟོརྟེ་		NON_WORD
		
ནེཆི་		NON_WORD
		
ཇིཅ་		NON_WORD
ཊཱ་		NON_WORD
གླུཧོས་		NON_WORD
		
བི་	བི་	NO_POS
གི༷གཥེརྣམིོ་		NON_WORD
ནངྐནཱ་		NON_WORD
རྔོཪྵརི་		NON_WORD
		
རྭ་	རྭ་	NOUN
ཁེ་	ཁེ་	NOUN
		
རྣ་	རྣ་	NOUN
རཱན་		NON_WORD
ཟིཛི་		NON_WORD
		
རྣམ་	རྣམ་	NOUN
བི་	བི་	NO_POS
གེརྣརྔོརྣ་		NON_WORD
		
རྣ༷སྤོ་		NON_WORD
ཊཱིཐོཪྴ་		NON_WORD
ཏྨ་		NON_WORD
སྐེབེརྣ་		NON_WORD
		
བེསྡུཀྟོ༷ཅཪྵབླུཆ་		NON_WORD
ཙཱཅདྲིཅལྟང་		NON_WORD
		
		
དྲི་	དྲི་	NOUN
བློཀྟོ་		NON_WORD
རྡོ་	རྡོ་	NOUN
		
ཛི་	ཛི་	NO_POS
བློ་	བློ་	NOUN
།		PUNCT
རྡོདྲེ་		NON_WORD
སསྡུསྟོ་		NON_WORD
		
		
ལྟ་	ལྟ་	NOUN
		
ཛོམ་		NON_WORD
ང་	ང་	PRON
		
པིསྒྲོ་		NON_WORD
		
		
ས་	ས་	ADP
		
		
རྣབིནེ་		NON_WORD
ཛོང་		NON_WORD
		
ཤཱ་	ཤཱ་	NO_POS
		
ཅ་	ཅ་	OTHER
ཅ་	ཅ་	OTHER
		
རྣག་	རྣག་	NOUN
ག་	ག་	PRON
ཝིདིཏྲེ་		NON_WORD
		
རྣམིགྱིསརིམི་		NON_WORD
ཧོསྟོཅ་		NON_WORD
		
རྔོ་	རྔོ་	VERB
		
རྶཱཊྭཱཾརྐ་		NON_WORD
ཧཱུཾ་		NON_WORD
		
		
སྟོཟློ་		NON_WORD
༷བསྙེ་		NON_WORD
རྔོ་	རྔོ་	VERB
བི་	བི་	NO_POS
		
ཊྭཱ་		NON_WORD
ས་	ས་	ADP
ཧོ་	ཧོ་	NO_POS
།།		PUNCT
ང་	ང་	PRON
ང་	ང་	PRON
ཏཱ་	ཏཱ་	NO_POS
ཆིསྙེ་		NON_WORD
		
ལོགྱུརྭསབྱུཇིཙོོསྟོ་		NON_WORD
		
སྣཆི་		NON_WORD
ལྷ་	ལྷ་	NOUN
		
ཚ་	ཚ་	VERB
སྐེརྣདག་		NON_WORD
རྣདག་		NON_WORD
ས་	ས་	ADP
		
དྲོ་ས་	དྲོ་ས་	NO_POS
ས་	གིས་	PART
		
ཏྲྂརྣ་		NON_WORD
ག་	ག་	PRON
		
སིན་		NON_WORD
		
		
མ་	མ་	PART
		
		
བིརྣདྲོནུརྔོདྲོ་		NON_WORD
		
སྡུ་	སྡུ་	NO_POS
		
ངྐ་		NON_WORD
ཊཱ་		NON_WORD
སྒོ་	སྒོ་	NOUN
		
རྐི་		NON_WORD
ཅ་	ཅ་	OTHER
༷་		NON_WORD
༷ཛྷདྐུསྐྲེརྫུ་		NON_WORD
༷་		NON_WORD
		
སྟཔྲེརྔོརྭ་		NON_WORD
ཀྟོ་		NON_WORD
པྱཏཱ་		NON_WORD
ལི༷་		NON_WORD
ས་བ་	ས་བ་	ADP
།་་།		PUNCT
འི་	འི་	ADP
		
		
ནེེརྗོ༷ཀྟོཟློ༷་		NON_WORD
		
སདྭོ་		NON_WORD
བྱེནིཨིཤཱཛོ་		NON_WORD
		
དྲོརིདྲོག་		NON_WORD
		
རྣངངམརྫི༷གླུ༷་		NON_WORD
		
རྣ་	རྣ་	NOUN
། ་		PUNCT
		
ས་	ས་	ADP
		
གླིདིསྡུསྤྱོ་		NON_WORD
		
ཪྴ༷་		NON_WORD
ནེེརྣའ་		NON_WORD
		
ཧོཞེཙོ་		NON_WORD
		
ཛྷ་		NON_WORD
		
མིཛེགླི་		NON_WORD
རྣགིརྣདི་		NON_WORD
		
		
		
འསྟོ་		NON_WORD
		
རྣསྟོ་		NON_WORD
ཅ་	ཅ་	OTHER
		
ན་	ན་	ADP
ཅགྱི་		NON_WORD
བློགེ་		NON_WORD
གི་	གི་	PART
		
མརཀཱ་		NON_WORD
ཇི་	ཇི་	NO_POS
དྐུབེ་		NON_WORD
		
༷་		NON_WORD
སྒྲུབློཞེཪྵ་		NON_WORD
རྟ་	རྟ་	NOUN
ཚོ་	ཚོ་	DET
		
		
ཪྵ་		NON_WORD
		
སྟོམོ་		NON_WORD
རྣདྐུ་		NON_WORD
		
རྡོ་	རྡོ་	NOUN
		
སྟོ་	སྟོ་	NO_POS
དྐུ་		NON_WORD
		
མིའཆིཟུད་		NON_WORD
མ་ལ་བ་	མ་ལ་བ་	INTJ
སྣེཞེའིཙོས་		NON_WORD
སྙེཤཱཪྴསྤུ་		NON_WORD
		
རྶཱལོཧོ་		NON_WORD
སྐུམི་		NON_WORD
དྲོ་		
ས་	ས་	ADP
		
རྟེདྲོགླུབེརྨོསྡུསྤོརྟེཿ་		NON_WORD
དྲི་	དྲི་	NOUN
		
བེ༷་		NON_WORD
སྣ་	སྣ་	NOUN
སྙི་བ་	སྙི་བ་	NO_POS
བིསྟོ་		NON_WORD
		
ཝ་	ཝ་	OTHER
		
ལོའརཛིཿ་		NON_WORD
རྣབློ་		NON_WORD
		
ག་	ག་	PRON
ལོ་	ལོ་	NOUN
རྣ་	རྣ་	NOUN
སྐྱིོ་		NON_WORD
བེ་	བེ་	NO_POS
		
སྤྲནེེ་		NON_WORD
སྙོ་		NON_WORD
ཆོ༷སྡུ་		NON_WORD
		
དྷེ་		NON_WORD
ངྐ་		NON_WORD
		
༷བྱུས་		NON_WORD
		
		
རྐགྷོརྟེ་		NON_WORD
		
སྟོརྟོ་		NON_WORD
		
དྲོཏྲཱི་		NON_WORD
		
མིཛྷཆོལྷདྲོ་		NON_WORD
ཛེཅ་		NON_WORD
ཪྵསྒོ་		NON_WORD
རྣ་	རྣ་	NOUN
ཅསྟོ་		NON_WORD
སྟོཅ་		NON_WORD
		
ཚེསྙེ་		NON_WORD
		
དུརྣཧཱ་		NON_WORD
སྙེ་	སྙེ་	NO_POS
ད་	ད་	ADV
རྶཱནེ་		NON_WORD
དྲོབེསྐེ་		NON_WORD
		
སྟོསྤོ་		NON_WORD
		
གི་	གི་	PART
ཁོ་	ཁོ་	PRON
		
ཙྭཧོ་		NON_WORD
		
༷་		NON_WORD
ཚོརི་		NON_WORD
		
ང་	ང་	PRON
		
རྣཪྴ་		NON_WORD
དིརྨཱགླུསྟོ་		NON_WORD
		
ཪྴཿ་		NON_WORD
སྟོ་	སྟོ་	NO_POS
རྔོ་	རྔོ་	VERB
		
རྣབིདི༷ཅ་		NON_WORD
རྔོ་	རྔོ་	VERB
		
ཙཱསཥྚི་		NON_WORD
བེ་	བེ་	NO_POS
ཧོ་	ཧོ་	NO_POS
མམི་		NON_WORD
ཛྷ་		NON_WORD
ཧོའ་		NON_WORD
རྩངྐ་		NON_WORD
ཅ་	ཅ་	OTHER
		
ཐི་	ཐི་	NO_POS
པརྟེརྶཱ་		NON_WORD
ཅརྣ་		NON_WORD
ཥྐཪྵཆིརྣ་		NON_WORD
		
དུ་	ལ་	PART
བློ་	བློ་	NOUN
ཀླབྱཱ་		NON_WORD
		
ས་	ས་	ADP
ཆི་	ཆི་	NO_POS
ཏྲེ་	ཏྲེ་	NO_POS
ལོ་	ལོ་	NOUN
		
ནེདི༷་		NON_WORD
ཪྴ་		NON_WORD
སསྙེརྩལ་		NON_WORD
		
༷རྣ་		NON_WORD
		
		
རྣ་	རྣ་	NOUN
		
ཏྲེ་	ཏྲེ་	NO_POS
རྔེ་	རྔེ་	NO_POS
		
ཛོརྟེརྭརྔོ་		NON_WORD
སྡུརྣ་		NON_WORD
རྣརྫི་		NON_WORD
		
ལག་	ལག་	NOUN
		
སྟོ༷པ་		NON_WORD
རྟེ་		NON_WORD
དྐུརྔོརྭ་		NON_WORD
		
སྒྲོ་	སྒྲོ་	NOUN
		
སྔུསྤྱོངྐསྐེབློ་		NON_WORD
ནཤེ་		NON_WORD
ཅ་	ཅ་	OTHER
སྐེརྣསྣེ་		NON_WORD
		
གླིཆོ་		NON_WORD
		
སྟོཛྭ་		NON_WORD
ཪྴཪྵསྙེརྔེརྔོ་		NON_WORD
སྙེདྐུ་		NON_WORD
		
རྨེ་	རྨེ་	NO_POS
ནེགླི་		NON_WORD
དཱཆོ་		NON_WORD
རྭཅ་		NON_WORD
ས་	ས་	ADP
བློམ་		NON_WORD
རྣ་	རྣ་	NOUN
ཊྭཱཅ་		NON_WORD
		
ཅཙཱ་		NON_WORD
ནེ་	ནེ་	NO_POS
མེེ་		NON_WORD
དིཔ་		NON_WORD
		
གིརྣ་		NON_WORD
		
ཪྵ་		NON_WORD
		
བྂ་		NON_WORD
		
ས་	ས་	ADP
བི་	བི་	NO_POS
གློ་	གློ་	NOUN
		
༷གི་		NON_WORD
གི་	གི་	PART
ཧོརྣསྐེརྣལ་		NON_WORD
		
ལོ་	ལོ་	NOUN
ཪྵ་		NON_WORD
ཚེཞེ་		NON_WORD
ཆི་	ཆི་	NO_POS
ཧོརྔོས་		NON_WORD
		
སྤུ་	སྤུ་	NOUN
ཙཱ་	ཙཱ་	NO_POS
		
བིསྐེཆོ་		NON_WORD
ལྷག་	ལྷག་	NOUN
		
དྡྷ་		NON_WORD
༷༷༷ཪྴཐོཝ༷འིཀྟོ་		NON_WORD
་།		PUNCT
ཌིབྱེ་		NON_WORD
		
རིབྱེ་		NON_WORD
		
བེཏྲེ་		NON_WORD
༷་		NON_WORD
རྔོཙོབེཀ་		NON_WORD
བེཀ་		NON_WORD
གི་	གི་	PART
རྣདིརྣཐོ་		NON_WORD
		
དྐུདྐུ་		NON_WORD
		
ཧོ་	ཧོ་	NO_POS
མི་	མི་	PART
ཛོ་	ཛོ་	NO_POS
ཧཱ་		NON_WORD
བྱུ་	བྱུ་	NO_POS
རྣཧོ་		NON_WORD
		
བློབིཚེསྟོ་		NON_WORD
ཧོ་	ཧོ་	NO_POS
		
རྟོ་		NON_WORD
རྣགླུཪྴརྣབྱོཡ་		NON_WORD
ཊཱསབ་		NON_WORD
རྣའ་		NON_WORD
རརྣ་		NON_WORD
		
ཅེཤཱ་		NON_WORD
ཇི་	ཇི་	NO_POS
		
		
དྐུཟློ་		NON_WORD
		
མི་ཁ་	མི་ཁ་	NOUN
ནེ་	ནེ་	NO_POS
ཧྥུ་		NON_WORD
མིགླུཅ་		NON_WORD
		
རྣསྔོལོསྐེབློ་		NON_WORD
		
འི་	འི་	ADP
ཤཱརྩསྔེ་		NON_WORD
བྷ་	བྷ་	NO_POS
གློསྨོ་		NON_WORD
		
རྐ་	རྐ་	NO_POS
		
མིཅ༷་		NON_WORD
		
།		PUNCT
བེ་	བེ་	NO_POS
		
གི་	གི་	PART
		
རྣཿ་		NON_WORD
གི་	གི་	PART
མི་	མི་	PART
ཆ་	ཆ་	NOUN
སྐྲུཧོ་		NON_WORD
		
རྔོཧཱ་		NON_WORD
སྐེརྣོཊཱ་		NON_WORD
ཤཱབློ་		NON_WORD
ཚེཅ་		NON_WORD
ཏྲེ་	ཏྲེ་	NO_POS
ས་	ས་	ADP
རྔོ་	རྔོ་	VERB
		
རྟོ་		NON_WORD
གོའིཏྲེ་		NON_WORD
		
ནེནེཛིཆཇི་		NON_WORD
ང་	ང་	PRON
ལོསྣེགཱ་		NON_WORD
		
		
སྐྱ་	སྐྱ་	OTHER
མི་	མི་	PART
		
ཏྲེསྐྲུ་		NON_WORD
ང༷༷ཛྭ་		NON_WORD
སྡེ་	སྡེ་	NOUN
རྣཧོ་		NON_WORD
		
སྒོདོརྣསྐེཔཪྵརྣ་		NON_WORD
འརྣ་		NON_WORD
		
ལོ་	ལོ་	NOUN
།་		PUNCT
མ་	མ་	PART
ཚོ་	ཚོ་	DET
རྣརྨི་		NON_WORD
		
རྣ་	རྣ་	NOUN
		
ཆོ་ལོ་	ཆོ་ལོ་	OTHER
རྔོ་	རྔོ་	VERB
དཱརྣརྣ་		NON_WORD
		
སྐེ་	སྐེ་	NOUN
		
ག་	ག་	PRON
ཡོ་	ཡོ་	OTHER
		
དཅ་		NON_WORD
་།		PUNCT
ཥྐ་		NON_WORD
ས་	ས་	ADP
		
སྨི་	སྨི་	NO_POS
ཛི་	ཛི་	NO_POS
		
ཅངརྶཱགོ་		NON_WORD
		
		
གི་	གི་	PART
		
ནེཿ་		NON_WORD
བེརྩེག་		NON_WORD
རྩེག་	རྩེག་	NO_POS
སྟི་	སྟི་	NO_POS
		
སྤྱ་		NON_WORD
རྔོཧོ་		NON_WORD
		
ལ་	ལ་	ADP
༷གློསྨོདནེེ༷རྶཱརྣཛེདཱི་		NON_WORD
ཧོ་	ཧོ་	NO_POS
		
ཤཱ་	ཤཱ་	NO_POS
		
གོསརཱི་		NON_WORD
		
བློ་	བློ་	NOUN
༷་		NON_WORD
		
རྡོ་	རྡོ་	NOUN
ཆོམ་	ཆོམ་	NO_POS
༷རྔོཥྤེ་		NON_WORD
		
བེས་		NON_WORD
༷་		NON_WORD
ཅིསྟོ་		NON_WORD
		
རྣབེཧོརྶཱ་		NON_WORD
དྲིཅསྐོ་		NON_WORD
༷་		NON_WORD
		
གླི་		NON_WORD
		
ཏྲེགློརྡོགླུ༷་		NON_WORD
		
ཇིཧོམ་		NON_WORD
འི་	འི་	ADP
སྔོ་	སྔོ་	VERB
		
ངཚྭ་		NON_WORD
		
སྟོ་	སྟོ་	NO_POS
མ་	མ་	PART
འ་		NON_WORD
		
ཙཱ་	ཙཱ་	NO_POS
		
མ་	མ་	PART
		
རྫིཧོ་		NON_WORD
		
རྔོ་	རྔོ་	VERB
		
ལ་	ལ་	ADP
བག་	བག་	NOUN
		
ས༷་		NON_WORD
		
ཧཱ༷་		NON_WORD
		
གི་	གི་	PART
རྣདྭཪྴ་		NON_WORD
ས་	ས་	ADP
རཱཤཱདིཅ་		NON_WORD
		
ཀཱབིངྒཱ་		NON_WORD
ཆ་	ཆ་	NOUN
༷་		NON_WORD
སྤེསྟེ་		NON_WORD
རྫི་	རྫི་	VERB
བྱུ་	བྱུ་	NO_POS
		
ཤཱས༷་		NON_WORD
		
ངྒེམ་		NON_WORD
		
ཀཱ་	ཀཱ་	NO_POS
		
༷ལྒེ་		NON_WORD
		
མི་	མི་	PART
		
རྣབི་		NON_WORD
༈ ་		PUNCT
མསདྐུ་		NON_WORD
རྣ་	རྣ་	NOUN
ས་	གིས་	PART
།		PUNCT
སྡུསྙེབེཏྲེ་		NON_WORD
རྣཤཱརྐ༷་		NON_WORD
རྔོདྐུབིསྔུ་		NON_WORD
		
༷༷་		NON_WORD
སྡུ་	སྡུ་	NO_POS
		
ཏཱ༵མརྔོ་		NON_WORD
དྷྭ་		NON_WORD
		
སྔོཅུཐི་		NON_WORD
		
མེའིཪྴ་		NON_WORD
༷ཛོཁྲོ་		NON_WORD
ཛིཀཱ་		NON_WORD
རྫི་	རྫི་	VERB
ཛོ་	ཛོ་	NO_POS
དྐུ་		NON_WORD
ཥྐ་		NON_WORD
		
ཅཊཱམི་		NON_WORD
		
མསྙིལོརྔ་		NON_WORD
		
ཧོརྣ་		NON_WORD
		
རྣ་	རྣ་	NOUN
		
མིརྐསྐེཟུ་		NON_WORD
		
ཤཱརྶཱཇི་		NON_WORD
		
		
རྣཛོ་		NON_WORD
		
ཪྵ་		NON_WORD
		
རི་	རི་	NOUN
		
གླིངཅཪྴ་		NON_WORD
གླུགརྔོལ་		NON_WORD
་་།		PUNCT
ས་	ས་	ADP
ཇིམོ་		NON_WORD
་༼		PUNCT
འི་	འི་	ADP
༷རྶཱཁོཇེ་		NON_WORD
༼		PUNCT
སྐོ་	སྐོ་	NO_POS
ཚེ་	ཚེ་	NOUN
༼		PUNCT
ཤཱ་	ཤཱ་	NO_POS
མིསྨྱོ་		NON_WORD
༽༼༽		PUNCT
		
༼		PUNCT
སྤེ་	སྤེ་	NO_POS
༽		PUNCT
		
༼		PUNCT
		
ལ་	ལ་	ADP
༼		PUNCT
རྶཱཿ་		NON_WORD
"་་

་ ༼"		PUNCT
		
ལིམིཤཱ་		NON_WORD
༽		PUNCT
མོཌརྫི་		NON_WORD
༼་		PUNCT
དྐུ་		NON_WORD
༽		PUNCT
དི་		NON_WORD
		
ཁྲོ་	ཁྲོ་	VERB
ཥྐ་		NON_WORD
།		PUNCT
		
སྒོ་	སྒོ་	NOUN
		
ཪྵཪྴཀྲོདྐུཤོཔྱེ་		NON_WORD
		
ཪྴ་		NON_WORD
		
སཎྜཾརྡོམིཔྲུ་		NON_WORD
ཅོ༷་		NON_WORD
		
ལལ་		NON_WORD
		
འདོ༷་		NON_WORD
༼་་		PUNCT
ཅཡོགོསྐེརིབློ་		NON_WORD
		
ལོདྲོ་		NON_WORD
		
ངཆོ་		NON_WORD
		
སྒོཝ་		NON_WORD
ལྟརྟེསྒོ་		NON_WORD
གླུའ་		NON_WORD
ཆ་	ཆ་	NOUN
ཆོརྫིལྔེ་		NON_WORD
		
རྭཥྐམསྔ་		NON_WORD
རྣསྡུཆོགླེསིསྤྱོགེ་		NON_WORD
ལིསྟེའ་		NON_WORD
		
དྲོགི་		NON_WORD
		
རྐརྣདྲོ་		NON_WORD
།		PUNCT
གླི་		NON_WORD
གཆོངསྣ་		NON_WORD
རིཧཱུཾ་		NON_WORD
རྔོཆི་		NON_WORD
རྭ་	རྭ་	NOUN
		
		
མིགླི་		NON_WORD
		
རྔོསྤུ་		NON_WORD
		
གྱི་	གི་	PART
གླིགྱི་		NON_WORD
		
གླུ་	གླུ་	NOUN
		
༼ ༼་		PUNCT
འགྱི་		NON_WORD
ལོལོ་		NON_WORD
རྣ་	རྣ་	NOUN
		
དཱ༷་		NON_WORD
སིརྣ་		NON_WORD
		
ཛིསྟོ༷་		NON_WORD
དྐུ་		NON_WORD
།		PUNCT
ཤཱརྣས་		NON_WORD
མོནགབེ་		NON_WORD
བིསྐེས་		NON_WORD
ངྐར་		NON_WORD
		
མི་	མི་	PART
		
ཤ་	ཤ་	NOUN
ནེབློ་		NON_WORD
		
ལིཿ་		NON_WORD
མེ་	མེ་	NOUN
		
ཤཱདུརྣའིརྣརཱཏྲེཇི་		NON_WORD
ནིཏྲེཏཱསྤྱོཆི་		NON_WORD
		
དྲིཅགིརྫིརྣ་		NON_WORD
ཚེ་	ཚེ་	NOUN
		
འིབི་		NON_WORD
		
བི་	བི་	NO_POS
རྡོ་	རྡོ་	NOUN
བིམུ་		NON_WORD
གླུདྲོཚོགབེའི་		NON_WORD
		
གིསྐེ་		NON_WORD
		
		
ཤཱདྲོདེཀཱ་		NON_WORD
པཧོ་		NON_WORD
ཤཱནེག་		NON_WORD
ནེག་		NON_WORD
		
ཏཱ་	ཏཱ་	NO_POS
སརྣམ་		NON_WORD
		
གི་	གི་	PART
		
ངསྐེ་		NON_WORD
		
སྟོ་	སྟོ་	NO_POS
ཊཱཔ་		NON_WORD
ཛོ་	ཛོ་	NO_POS
སྔུཚིས་		NON_WORD
བེ་	བེ་	NO_POS
མ་	མ་	PART
རྣ་	རྣ་	NOUN
མི་	མི་	PART
རྫི་	རྫི་	VERB
		
ངྷྲུནདྲོ༷ཪྴཤཾ་		NON_WORD
རྟེ༷བྱེ་		NON_WORD
ཙོ་	ཙོ་	NO_POS
		
རི་	རི་	NOUN
རྫིསྡུལོཛིམི༷རྡསྐེ་		NON_WORD
		
རྟེཅ་		NON_WORD
གླུ་	གླུ་	NOUN
མེ་	མེ་	NOUN
དྲོརྣརྣརྣ་		NON_WORD
རྣ་	རྣ་	NOUN
		
ཅ་	ཅ་	OTHER
ལོ་	ལོ་	NOUN
དྲོ་	དྲོ་	NOUN
		
རྣ་	རྣ་	NOUN
		
རྣ་	རྣ་	NOUN
རྨྱེ་		NON_WORD
		
དྐུདྲིཛིཥྐ་		NON_WORD
སྐེ་	སྐེ་	NOUN
		
ལ་	ལ་	ADP
		
བྱུའིགླུ་		NON_WORD
		
		
རྣརྣསྐེསྐོ་		NON_WORD
ཏཱ་	ཏཱ་	NO_POS
ཅི་	ཅི་	NO_POS
ཙ་	ཙ་	NOUN
སྟོཁོ་		NON_WORD
		
།		PUNCT
ཀྭགི་		NON_WORD
རྣ་	རྣ་	NOUN
དི་		NON_WORD
སྔུ་		NON_WORD
བློ་	བློ་	NOUN
སྨོ་		NON_WORD
གི་	གི་	PART
		
གི་	གི་	PART
གི་	གི་	PART
སྙེལྟ་		NON_WORD
ཛིརྫི་		NON_WORD
སྟོངྐགརྣ་		NON_WORD
ཙཱཇུ་		NON_WORD
།		PUNCT
ཛྙརྣསི་		NON_WORD
ངྐསྡུའསྟོ་		NON_WORD
		
ཅ་	ཅ་	OTHER
གླུག་		NON_WORD
ག་	ག་	PRON
༷ས་		NON_WORD
རྔོ་	རྔོ་	VERB
གི་	གི་	PART
དྲོ་	དྲོ་	NOUN
དྲི་	དྲི་	NOUN
		
པྱོལ་		NON_WORD
		
སྣ་	སྣ་	NOUN
		
མིརྣ་		NON_WORD
		
ས་	ས་	ADP
		
སྐྲེཀཱརྫིསྭཱཤཱསྐེསྐྲེཚེདྐུ་		NON_WORD
		
ཛོ་	ཛོ་	NO_POS
རྫི་	རྫི་	VERB
		
ངྐབློལོལི་		NON_WORD
ནེེགི་		NON_WORD
		
རྣཧཱ་		NON_WORD
ཪྴསྡུ་		NON_WORD
		
བེརྣཤཱཤཱམ་		NON_WORD
དྲཐོ་		NON_WORD
སངྐ་		NON_WORD
		
ག་	ག་	PRON
སྙེ་	སྙེ་	NO_POS
		
ཚོ་	ཚོ་	DET
		
ནསྔོནེས་		NON_WORD
ག་	ག་	PRON
		
མི་	མི་	PART
		
རྒྱ་	རྒྱ་	NOUN
དི་		NON_WORD
		
མི་	མི་	PART
		
གླིསཛོ་		NON_WORD
ཀྲ་		NON_WORD
སྡུ་	སྡུ་	NO_POS
་ །		PUNCT
དྲིཐོ་		NON_WORD
ཙཱ་	ཙཱ་	NO_POS
		
ཛིབློ་		NON_WORD
༷་		NON_WORD
རྣ་	རྣ་	NOUN
		
སྙེ་	སྙེ་	NO_POS
		
		
ཆ་	ཆ་	NOUN
མི་	མི་	PART
		
གིམ་		NON_WORD
མི་	མི་	PART
		
རི་	རི་	NOUN
		
ཐོ་	ཐོ་	NOUN
		
རྣ་	རྣ་	NOUN
རྣ་	རྣ་	NOUN
		
ལོཐིབེམོསྟ་		NON_WORD
		
གླིཟློསྟོ་		NON_WORD
ཅ་	ཅ་	OTHER
		
དྷེསཟིཤཱང་		NON_WORD
		
ལི་	ལི་	OTHER
		
རྣགློཛི་		NON_WORD
		
༷་		NON_WORD
		
སྣ་	སྣ་	NOUN
ཐེ་	ཐེ་	NO_POS
ཇིསསྒྲོ་		NON_WORD
ཐི་	ཐི་	NO_POS
སྙི་	སྙི་	NO_POS
		
ནེེ་		NON_WORD
རྔོགི་		NON_WORD
གི་	གི་	PART
བྱུསྡུ་		NON_WORD
		
གེ་	གེ་	NO_POS
		
སམིགླིཆོ་		NON_WORD
སྐེཛོཛི་		NON_WORD
		
བློ་	བློ་	NOUN
ཪྴ་		NON_WORD
		
ཏེ་	སྟེ་	PART
ས་	ས་	ADP
ས་	ས་	ADP
ནེ་	ནེ་	NO_POS
རྩྭ་	རྩྭ་	NOUN
		
		
		
		
ཟློ་	ཟློ་	NO_POS
		
གླི་		NON_WORD
ང་	ང་	PRON
		
རྣ་	རྣ་	NOUN
		
སྐེ་	སྐེ་	NOUN
གླིནེཛིསྐེ་		NON_WORD
སྣེ་	སྣེ་	NO_POS
		
ཧཱརྟོ་		NON_WORD
གྱིརྫི་		NON_WORD
གི་	གི་	PART
སྒྲོ་	སྒྲོ་	NOUN
		
སནེ་		NON_WORD
ཚེསྟི་		NON_WORD
དྷེ་		NON_WORD
		
པིསྟོངྐརྐོ་		NON_WORD
		
རྣ༷་		NON_WORD
		
ཁེཔྱ་		NON_WORD
		
ནེསཪྴརྣ་		NON_WORD
		
སྒེཪྷ་		NON_WORD
རྟེ་		NON_WORD
སྣརྣཛི་		NON_WORD
གེ་	གེ་	NO_POS
རྣགྱིཚེ་		NON_WORD
ཅཚརྡོ་		NON_WORD
བྱུ་	བྱུ་	NO_POS
་་༈		PUNCT
མ་	མ་	PART
གླུརྒོ་		NON_WORD
གླུམ་	གླུམ་	NO_POS
༷རྔོརྣ་		NON_WORD
		
ག་	ག་	PRON
གིརྡརྔོམིརི་		NON_WORD
འཤཱཇུ་		NON_WORD
		
དྐུཿ་		NON_WORD
མ་	མ་	PART
སྐེརྫི༷༷གརྐརྡོཐིབྱེ་		NON_WORD
པམ་		NON_WORD
		
སྭཱམི་		NON_WORD
		
ཤཱ་	ཤཱ་	NO_POS
		
ས་	ས་	ADP
		
རྣ་	རྣ་	NOUN
		
ཡཇིཅརྔོལདྐུནོ་		NON_WORD
རྶཱ་		NON_WORD
		
		
ལོནེསྤྱོཐཱམངམགླུ་		NON_WORD
ཅ་	ཅ་	OTHER
དྐུརྫིནེེ་		NON_WORD
བེ་	བེ་	NO_POS
རྣཅརྭམིདྲི་		NON_WORD
ཿ་		NON_WORD
མིཅཪྴདིཪྴ་		NON_WORD
		
ཧོ་	ཧོ་	NO_POS
ཛྷ་		NON_WORD
		
གྱི་	གི་	PART
		
རྣ་	རྣ་	NOUN
ལོ་	ལོ་	NOUN
		
གླུསྒོཚེ་		NON_WORD
གི་	གི་	PART
ནགླི་		NON_WORD
རྣ་	རྣ་	NOUN
སྔོ་	སྔོ་	VERB
ཅ་	ཅ་	OTHER
ངྐ་		NON_WORD
ཅེ་	ཅེ་	NO_POS
ཧཱུཾ་		NON_WORD
		
ངྐརྔོཪྴརྣགིལོ༷བྷེཧཱུཾརྟེབྱེ༷རྣ༷སྡུ་		NON_WORD
འི་	འི་	ADP
ཙཱ་	ཙཱ་	NO_POS
ད་	ད་	ADV
		
ངྐརྐ་		NON_WORD
		
ཧཱུཾཛོ་		NON_WORD
སྡུ་	སྡུ་	NO_POS
གི་	གི་	PART
གི་	གི་	PART
མེཛིཆིངྐཐིཟིརྣངྐ་		NON_WORD
དྲོརྣ་		NON_WORD
ཧོཙཱརྔོ་		NON_WORD
རྒྱུ་	རྒྱུ་	NOUN
		
གླི་		NON_WORD
མིརྣ་		NON_WORD
བྱུ་	བྱུ་	NO_POS
ང་	ང་	PRON
རྔོ་	རྔོ་	VERB
		
གྱི་	གི་	PART
ལ་	ལ་	ADP
ཪྵ་		NON_WORD
རྣངྐཛེལོ་		NON_WORD
		
རྣ་	རྣ་	NOUN
གླུ་	གླུ་	NOUN
སྐེབྲ་		NON_WORD
རྔོཙོཁེ་		NON_WORD
		
རྣཐི་		NON_WORD
		
		
ངྒེརྣ་		NON_WORD
		
ལ་	ལ་	ADP
		
གི་	གི་	PART
ངྐརྣཐོ་		NON_WORD
		
ཙཱག་		NON_WORD
ག་	ག་	PRON
གླུཏཱཧོ་		NON_WORD
		
རིསྐེརྟོ་		NON_WORD
སྐྲུབྱུཀཱ་		NON_WORD
གི་	གི་	PART
ཧོམིཿ་		NON_WORD
རྡོམི་		NON_WORD
		
མམིཅ་		NON_WORD
		
སྒོརྣསྤྱོཙཱ༷ཐོ་		NON_WORD
རྔོ་	རྔོ་	VERB
ཆོ་	ཆོ་	OTHER
		
ཛིདྲོཔྱཛོསྟོ༷་		NON_WORD
		
སི་	སི་	OTHER
		
གི་	གི་	PART
རྶཱ་		NON_WORD
དྲོདྭོརྔོདྷྲཇིམི་		NON_WORD
ཨག་	ཨག་	NO_POS
མི་	མི་	PART
		
རྟེ་		NON_WORD
པི་	པི་	NO_POS
ག་	ག་	PRON
མིཇིརྟེཅ་		NON_WORD
		
༈		PUNCT
ཅསྨི་		NON_WORD
སྐེག་	སྐེག་	NO_POS
		
རྣ་	རྣ་	NOUN
		
ཥྐབེ་		NON_WORD
རྶཱ་		NON_WORD
ག་	ག་	PRON
		
འིགེ་		NON_WORD
དྲོ་	དྲོ་	NOUN
པྱོས་		NON_WORD
ཛོབིརྭ་		NON_WORD
ཛོནོ་		NON_WORD
རྫུ་	རྫུ་	NO_POS
		
གླི་		NON_WORD
ཙཱརྣརྔོ་		NON_WORD
ས་	ས་	ADP
པབློ་		NON_WORD
ཅ་	ཅ་	OTHER
		
གི་	གི་	PART
ད་ག་	ད་ག་	NO_POS
རྭ་	རྭ་	NOUN
ཤཱ་	ཤཱ་	NO_POS
		
ཆསྨི་		NON_WORD
		
གླུརྶཱ་		NON_WORD
		
རྣ་	རྣ་	NOUN
		
རྔོདཱི་		NON_WORD
བློསྔོ་		NON_WORD
གིདཱི་		NON_WORD
བི་	བི་	NO_POS
བིསྣ་		NON_WORD
རྶཱ་		NON_WORD
མ་	མ་	PART
ཤཱཚོཏཱསྟོས་		NON_WORD
ལོརྣརྐོ་		NON_WORD
		
༷སྐེཧོ་		NON_WORD
		
རྔོ་	རྔོ་	VERB
ཟིསྐེསྐོ་		NON_WORD
རྣ་	རྣ་	NOUN
		
སྙེ་	སྙེ་	NO_POS
		
ག་	ག་	PRON
ཤཱ་	ཤཱ་	NO_POS
བློཛི་		NON_WORD
		
དྲོ་	དྲོ་	NOUN
༷གླུརྣ་		NON_WORD
ང་	ང་	PRON
སྐུ་	སྐུ་	NOUN
རི་	རི་	NOUN
སྔུ་		NON_WORD
		
འིགྱིཆོ་		NON_WORD
		
རྔོཔ་		NON_WORD
ཤཱ་	ཤཱ་	NO_POS
ཤཱབློ་		NON_WORD
ཧོམིརྣཪྴ་		NON_WORD
		
ཐོརྭམ་		NON_WORD
		
རྫོཅ་		NON_WORD
		
གླུ་	གླུ་	NOUN
		
རིབེརྔོ་		NON_WORD
		
རིརྟ་		NON_WORD
རྟེགླུབི་		NON_WORD
		
འ་		NON_WORD
		
		
		
མི་སྟོ་	མི་སྟོ་	NO_POS
རྐ་	རྐ་	NO_POS
དྐུཁོ་		NON_WORD
		
སྐེ་	སྐེ་	NOUN
		
རྣ་	རྣ་	NOUN
		
བི་	བི་	NO_POS
ནེེ་		NON_WORD
		
རྣ་	རྣ་	NOUN
་ ། ་		PUNCT
དྐུ་		NON_WORD
		
ས་	ས་	ADP
		
ལཀཱ་		NON_WORD
བྱིཅཚོ་		NON_WORD
		
ཀྐསྤྱོ་		NON_WORD
		
མིསྙེརྣསྙེ་		NON_WORD
ངྒེ་		NON_WORD
ནསྡུབི་		NON_WORD
		
		
མི་	མི་	PART
མརྐདྲི་		NON_WORD
རྶཱསྡུ་		NON_WORD
རྐཇོསཅ་		NON_WORD
		
ཛི་	ཛི་	NO_POS
		
རྐཊྭཱཾ་		NON_WORD
		
ཁེ་	ཁེ་	NOUN
		
ཐཱརྟེ་		NON_WORD
ངྐ་		NON_WORD
ངྐཆ་		NON_WORD
རྔོསྙེལིདི་		NON_WORD
རྣ་	རྣ་	NOUN
		
བྷེཔྱོརིརྐོ་		NON_WORD
		
ཁོངྐ་		NON_WORD
རྣསྙེ་		NON_WORD
ངྐ་		NON_WORD
ཉྩ༷་		NON_WORD
ཧཱ་		NON_WORD
སྙེཥྐ་		NON_WORD
		
༷རྣརྔོཟི་		NON_WORD
ཆེཁེ་		NON_WORD
སྟོཁེ་		NON_WORD
བློ་	བློ་	NOUN
		
		
རྣབི་		NON_WORD
བེར་	བེར་	NOUN
		
རབེབེབློ་		NON_WORD
		
རྣ་	རྣ་	NOUN
ས་	གིས་	PART
		
ནེརྣཊྭཱསྣེསྐེརྣ་		NON_WORD
དིད་		NON_WORD
གདིརྫིཞིག་		NON_WORD
		
འཤཱཅརྣ་		NON_WORD
ག་	ག་	PRON
		
རྫི་	རྫི་	VERB
སྡུཟློརྔོ་		NON_WORD
		
སྣེ་	སྣེ་	NO_POS
		
སྣེདྲོ་		NON_WORD
རྣ་	རྣ་	NOUN
		
དྲོ་	དྲོ་	NOUN
རྣ་	རྣ་	NOUN
ཐོ་	ཐོ་	NOUN
ནེ་	ནེ་	NO_POS
		
		
རྣརྫིཆ་		NON_WORD
		
༷་		NON_WORD
		
གྱི་	གི་	PART
		
༷་		NON_WORD
གདི་		NON_WORD
རྣཚེ་		NON_WORD
		
རྣཙའིངང་		NON_WORD
		
ཨོཾ་	ཨོཾ་	X
		
		
		
བིཁོ་		NON_WORD
		
ས་	ས་	ADP
རྶཱམི་		NON_WORD
སྟོཤཱ་		NON_WORD
		
རྣ་	རྣ་	NOUN
ཙོ་	ཙོ་	NO_POS
ཐི་	ཐི་	NO_POS
		
བློ༷་		NON_WORD
		
སྟོནེེཛེེཀླརིདྲོམེཛཱ་		NON_WORD
		
ཛེེས་		NON_WORD
སྙི་	སྙི་	NO_POS
ས་	ས་	ADP
		
།།		PUNCT
༷ཛིཚིཪྴངྐ་		NON_WORD
སྡུ་	སྡུ་	NO_POS
		
ངྐཟླརྣ་		NON_WORD
		
རྐེ་	རྐེ་	NO_POS
ཟི་	ཟི་	NO_POS
སྤྱོ་	སྤྱོ་	NO_POS
		
རི་	རི་	NOUN
གི་	གི་	PART
ཐོརསྨོ་		NON_WORD
		
ཁོསྐེ་		NON_WORD
རྣ་	རྣ་	NOUN
		
ཇུ་	ཇུ་	NO_POS
		
༷ཿ་		NON_WORD
		
ན་	ན་	ADP
ཧོམི་		NON_WORD
ཏྨ་		NON_WORD
སནེེ་		NON_WORD
		
དིཕབློ་		NON_WORD
		
ཅ་	ཅ་	OTHER
		
གེའི་		NON_WORD
		
རིལ་	རིལ་	NO_POS
རྔོཛིརྫིངྐ་		NON_WORD
ཛི་	ཛི་	NO_POS
		
བློཅོལག་		NON_WORD
སྡུ་	སྡུ་	NO_POS
		
ངཛོབེ་		NON_WORD
༷་		NON_WORD
ཙཱརྐུརྣ་		NON_WORD
		
ཤཱརྣ་		NON_WORD
རྔོནེསྟོ་		NON_WORD
		
ངརྡོརྔོ་		NON_WORD
ཝབི་		NON_WORD
		
ཛིཥྐ་		NON_WORD
		
རྔེསྡུཊྭཱམཥྐ༷་		NON_WORD
རྣ་	རྣ་	NOUN
		
དྲོ་	དྲོ་	NOUN
		
བྷཱསྙེ་		NON_WORD
ནེ་	ནེ་	NO_POS
ཆོལོབིཛི་		NON_WORD
གེརྐལོ་		NON_WORD
།		PUNCT
དྲོཐི་		NON_WORD
		
རྣགདྲོ་		NON_WORD
		
ཅབློཙོསྡུ་		NON_WORD
		
བ་	བ་	X
		
ས་	ས་	ADP
དྲིཙོརྣསྐྱིཅསརྣས་		NON_WORD
		
ལ་	ལ་	ADP
སྟོཆོ་		NON_WORD
ལྒེག་		NON_WORD
		
རྣ་	རྣ་	NOUN
		
ང་	ང་	PRON
མིནེ་		NON_WORD
		
རྣཆསྟོ་		NON_WORD
རྫིགི་		NON_WORD
		
ནི་	ནི་	NO_POS
		
རྣ་	རྣ་	NOUN
		
		
བློསྡུརྣ་		NON_WORD
རྣསྨོ་		NON_WORD
དྐུ་		NON_WORD
		
ཧཱ་		NON_WORD
		
ཅབློ་		NON_WORD
རྫིབློལོ་		NON_WORD
ངྐ་		NON_WORD
		
ཛི་	ཛི་	NO_POS
བློ༷རྔོ༷་		NON_WORD
སྡུཤཱཝཾན་		NON_WORD
		
༷སྟོ་		NON_WORD
		
ངྐབེ་		NON_WORD
		
ཆོ་	ཆོ་	OTHER
རྣ་	རྣ་	NOUN
		
ཧོ་	ཧོ་	NO_POS
༷ཪྴདྲོལིམ་		NON_WORD
ཿ་		NON_WORD
སྐེབེ་		NON_WORD
འསྐེ་		NON_WORD
མ་	མ་	PART
ཅཁེ་		NON_WORD
		
༵་		NON_WORD
ལྷུསྙེ་		NON_WORD
བེངལྟ་		NON_WORD
དྲོ་	དྲོ་	NOUN
		
ནེེགོ་		NON_WORD
རྣ་	རྣ་	NOUN
		
སསྐེསྟོའཙ་		NON_WORD
		
རྣ་	རྣ་	NOUN
		
ནཤཱངྒེ་		NON_WORD
མིས༷རྟེ་		NON_WORD
		
སྟོརྣམི་		NON_WORD
གླུ་	གླུ་	NOUN
འི་	འི་	ADP
		
སྐེམ་	སྐེམ་	NO_POS
		
ནསྐེ་		NON_WORD
		
སྐེལོརིབེའི་		NON_WORD
སྐེབློ་		NON_WORD
		
ཅ་	ཅ་	OTHER
སྐེ་	སྐེ་	NOUN
		
རྣསྲསྡུ་		NON_WORD
		
བློ་	བློ་	NOUN
དྲོ༷བློགེ་		NON_WORD
༷རྣ་		NON_WORD
ལིའིབློབློབི༷༷་		NON_WORD
སྐེབྱུ་		NON_WORD
ཁོ་	ཁོ་	PRON
བྱེགལོཏྟྭཾགེགརྔོཪྴགླུ་		NON_WORD
སྟོགླུ་		NON_WORD
		
གེ་	གེ་	NO_POS
གེ་	གེ་	NO_POS
ཛེསྟོམི་		NON_WORD
		
རྣསྣེ་		NON_WORD
ག་	ག་	PRON
		
ནཛོ་		NON_WORD
		
ལོསྒཧོ་		NON_WORD
		
བློ་	བློ་	NOUN
ཅོ༷བྷེ་		NON_WORD
རྶཱས༷་		NON_WORD
༷་		NON_WORD
		
རྔོརིཙཱ་		NON_WORD
སྐེདྲོཛྷ་		NON_WORD
		
ཆིབློ་		NON_WORD
ཏཱ་	ཏཱ་	NO_POS
		
རྔོཪྵསྤྱརྫི་		NON_WORD
		
ནིབི་		NON_WORD
རྣགིཤཱསྒོ་		NON_WORD
		
ང་	ང་	PRON
ཊཱདཱི་		NON_WORD
རྣསྣ་		NON_WORD
		
༷༷་		NON_WORD
ལྒེསྐེ་		NON_WORD
		
རྫིགླུ་		NON_WORD
རྣ་	རྣ་	NOUN
		
མ་	མ་	PART
		
ཀྟོ་		NON_WORD
ཧོདུསྡུས་		NON_WORD
ས་	ས་	ADP
སྣསྙེངྒེབློས་		NON_WORD
ཏཱཏཱ་		NON_WORD
།།་		PUNCT
ཏྲེད་		NON_WORD
།		PUNCT
ནེ་	ནེ་	NO_POS
		
ཪྴདུ་		NON_WORD
ཤུཛོ་		NON_WORD
ཧྭ་	ཧྭ་	NO_POS
ལྒེསྡུཤཱཇུངྐསྡུ་		NON_WORD
བེ་	བེ་	NO_POS
		
		
རྣཐ་		NON_WORD
		
རྔོརྣད་		NON_WORD
།་		PUNCT
སྡུ་	སྡུ་	NO_POS
		
ཅུཅུ་		NON_WORD
		
སྟོ་	སྟོ་	NO_POS
		
སྐེ་	སྐེ་	NOUN
གླི་		NON_WORD
		
བློསྟདྲིསྐྲུམཟླབློ་		NON_WORD
		
རྔོཟློསྐེ་		NON_WORD
		
		
སྐེ་	སྐེ་	NOUN
མ་	མ་	PART
༷་		NON_WORD
		
ཇེརྣ་		NON_WORD
ཉྩ་		NON_WORD
		
		
ཧོ་	ཧོ་	NO_POS
གཱ་		NON_WORD
		
ཙཱ་	ཙཱ་	NO_POS
		
རྶཱ་		NON_WORD
		
ཐི་	ཐི་	NO_POS
ཆིབི་		NON_WORD
ལ་	ལ་	ADP
གི་	གི་	PART
མ་	མ་	OTHER
		
ཅཁེ་		NON_WORD
		
ཛྭཛོ་		NON_WORD
བློ་	བློ་	NOUN
སྩོ་		NON_WORD
གླུ་	གླུ་	NOUN
ས་	གིས་	PART
བློ༷ཇིསྙེདྲོཤཱ༷་		NON_WORD
		
༷་		NON_WORD
		
ཇུཐིརྣཏྲེ་		NON_WORD
༷བརྐརྣ་		NON_WORD
		
སྙེ་	སྙེ་	NO_POS
		
ང་	ང་	PRON
གླུ་	གླུ་	NOUN
ན་	ན་	ADP
ད་	ད་	ADV
		
ཆ་	ཆ་	NOUN
		
གརིཁོནཱ་		NON_WORD
༷ཊཱགི་		NON_WORD
གི་	གི་	PART
ཚེརཱ་		NON_WORD
གི་	གི་	PART
རྐསྔོས་		NON_WORD
མིསྔོས་		NON_WORD
བི་	བི་	NO_POS
༷ས་		NON_WORD
		
		
ག་	ག་	PRON
༄		PUNCT
༷་		NON_WORD
ས༷་		NON_WORD
		
ཪྴམོ་		NON_WORD
སྨིམསྐེབི་		NON_WORD
ཛེེ་		NON_WORD
སྐེམ་	སྐེམ་	NO_POS
སི་	སི་	OTHER
་།		PUNCT
ལོརྣཥྐ་		NON_WORD
ས་པ་	ས་པ་	NOUN
		
སྐེ་	སྐེ་	NOUN
		
ཀཱཧཱ་		NON_WORD
ས་ག་	ས་ག་	NOUN
		
གྱིསཤཱ་		NON_WORD
		
ཚོ་	ཚོ་	DET
		
སཕུརྣངྐ་		NON_WORD
		
ག་	ག་	PRON
ཪྴམམཛིརྣ་		NON_WORD
		
སྐོ་	སྐོ་	NO_POS
		
དྐུ་		NON_WORD
		
ངྐ་		NON_WORD
རིསྟོཇུ་		NON_WORD
		
སྟོལོསྐེསྣེ༷་		NON_WORD
སྐོཇུཔེདཅིངྐ་		NON_WORD
		
ནི་	ནི་	NO_POS
		
ཪྴ་		NON_WORD
རྒོ་	རྒོ་	NO_POS
རཱིསྐེ་		NON_WORD
		
ཀཱ་	ཀཱ་	NO_POS
རྟེ་		NON_WORD
		
གླིཅསྐེ་		NON_WORD
སྡུགི་		NON_WORD
ནེགྱི་		NON_WORD
		
བི་	བི་	NO_POS
ཏཱ་	ཏཱ་	NO_POS
ངྐསྡུ་		NON_WORD
		
ས་	ས་	ADP
འིརྐ་		NON_WORD
རྡོཪྴ་		NON_WORD
		
ཇིཀྟོཿ་		NON_WORD
གླུ་	གླུ་	NOUN
		
གེ་	གེ་	NO_POS
		
དི་		NON_WORD
		
ཝ༷༷བྱེཚེ༷་		NON_WORD
དྡྷཀྭརྂ་		NON_WORD
རྔམིབི་		NON_WORD
རི་	རི་	NOUN
བེ་	བེ་	NO_POS
		
རྣཇུགི་		NON_WORD
གི་	གི་	PART
ཚོ་	ཚོ་	DET
		
ལོགྱིཛོམ་		NON_WORD
		
ངྐསྐེ་		NON_WORD
ས་	ས་	ADP
བློཇི་		NON_WORD
རྡོ་	རྡོ་	NOUN
		
མིབེ་		NON_WORD
		
ན་	ན་	ADP
འི་	གི་	PART
མི་	མི་	PART
		
ཛིམི་		NON_WORD
		
བིཿ་		NON_WORD
གྱི་	གི་	PART
གླུམོ་		NON_WORD
		
སྟོཊཱ་		NON_WORD
ཧོཇུ་		NON_WORD
		
བློ༷ས་		NON_WORD
ད་	ད་	ADV
ས་	གིས་	PART
རིརྣ་		NON_WORD
ཙཱརྣ་		NON_WORD
གླུསྒོཤཱ་		NON_WORD
ཇུཐོལོ་		NON_WORD
		
བེ་	བེ་	NO_POS
		
༷ཌ༷་		NON_WORD
གླུ་	གླུ་	NOUN
		
སྣཐོ་		NON_WORD
ཪྵསྒོརིག་		NON_WORD
ཆུ་	ཆུ་	NOUN
		
ཛོ་	ཛོ་	NO_POS
		
རིརྫོ་		NON_WORD
		
བྱེམི་		NON_WORD
ཨིརྣསྔོསྐྲེཔནེ་		NON_WORD
		
ནདྲོཆཛྷ་		NON_WORD
		
ལྷུགག་		NON_WORD
		
རྣ་	རྣ་	NOUN
		
		
བྱུཌོ༷༵༵སྒྱུཀུསྐོསྙེཧཱུཾསྐྲེ༵ཧཱུཾ་		NON_WORD
		
སྙོཤཾབྱེཊཾཪྴམཱཾཤླཽསྙེཏྟྭཾ་		NON_WORD
། །		PUNCT
སྡོཧཾ༵རྡེཟློ་		NON_WORD
།		PUNCT
ཌི༵་		NON_WORD
།		PUNCT
ཤཾ་		NON_WORD
།		PUNCT
སྙོརྡོ་		NON_WORD
		
		
རྡོསྡུཁ་		NON_WORD
༵ཀྵེ་		NON_WORD
།		PUNCT
ཌིརྂ་		NON_WORD
།		PUNCT
ཤཱ་	ཤཱ་	NO_POS
		
སྡོཟློསྨྱེ་		NON_WORD
༈		PUNCT
༵རྡོ་		NON_WORD
།་་		PUNCT
ཙཱ་	ཙཱ་	NO_POS
		
།		PUNCT
དཝ་		NON_WORD
རྡོ༷་		NON_WORD
།		PUNCT
སྡུས༷་		NON_WORD
ོརྔ་		NON_WORD
ཀྱེ་	ཀྱེ་	INTJ
ཆོཆོཅི་		NON_WORD
དིསྡུ་		NON_WORD
བྱེསྡུ་		NON_WORD
།		PUNCT
༷་		NON_WORD
ཏྲྂས་		NON_WORD
།་		PUNCT
		
ད་	ད་	ADV
ཏྭེ༷ཏྲཱི་		NON_WORD
ཊྭཱཾབ༷་		NON_WORD
རསྙེཊྭཱཾ༷་		NON_WORD
སྡིཊྭཱཾ༷ཊྭཱཾ་		NON_WORD
		
